text,label
しかし、またも皇帝の嫉妬を招き、すべての財産は没収され幽閉された。,2
戦費は得られず、スコットランドは国民盟約が主導権を握り、,2
中华人民共和国国家发展和改革委员会.,2
長期間、休み時間返上で練習をするクラスが多く、完成度は非常に高い。,2
、憲法による秩序を存続させ、安定させること。,2
。1974年から1978年まではファッションデザイナーのダニエル・エシュテルが会長を務め、ユニフォームはエシュテルによってデザインされた。,2
蓮の花がないとペリは、光明のアフラ・マズダーの御前から退けられてしまうからである。,2
、日本レースクイーン大賞2020では、,2
地下鉄では列車番号ではなく車両ごとの番号が付けられており、車両の型が車体に書かれることはない。,2
、使用に際して互いの家の中が丸見えになるため、何かと不都合があった。,2
立石 友男（たていし ともお、,2
夫はいらない（1995年 フジテレビ）,2
つまり、より多くの仮説を調べる程、,2
"、それに対応するUNIX版 ""UniDraf32""（ユニドラフサンジュウニ）が発売された。",2
被アクセス時に相手にダメージを与えることがある。,2
ここに、夷服の岳と、浅井の丘と、長高（たかき）を相競いしに、浅井の岡、一夜に高さを増しければ、夷服の岳の神、怒りて刀剣（つるぎ）を抜きて、浅井比賣（あさいひめ）を殺（き）りしに、比賣の頭（かしら）、江（うみ）の中に堕ちて江島（しま）と成りき。,2
会場のLo Stadio della neveはコルティーナ・ダンペッツォ市街地から約2km郊外にあり、1周15kmのコースが1、10kmのコースが4つ、5kmのコースが3つレイアウトされた。,2
彼はフランク・ブラックに改名してソロアーティストとしてのキャリアをスタートさせた。,2
」をコンセプトとして、全国から見学者が訪れる。,2
、最終的に169人が発症 - 聞蔵IIビジュアルにて2013年3月21日閲覧。,2
特に世界選アマ・スプリント種目の79～83年開催の優勝回数においては、ヘスリッヒが3回（優勝歴は実績参照）、コピロフも2回（,2
、ボストンのホーリークロス大聖堂にちなんで、ホーリークロス大学と名付けた。,2
遺骸は同牧場（現在のゲインズウェイファーム）の墓地に埋葬されている。,2
」についての話になっている（屋上庭園・Myはしなど）一時期、エコとは無関係な話になることもある。,2
秀介は中東へ赴任してから2か月後に消息を絶つ (3)。1年経ち、出張所は強盗に遭い、会社は秀介が射殺されたと処理した (3)。,2
カットシーンは多くの場合、ゲームプレイグラフィックを使用してスクリプト化されたイベントを作成する「オンザフライ」レンダリングを特徴としている。,2
この敗北をきっかけに、キャンベルは自分のテニス・スタイルを大幅に変え、サービス・アンド・ボレーを大幅に増やした。,2
モンゴルのルーシ侵攻は、ルーシの諸公国の諸都市を蹂躙し、,2
しかし、類の身持ちの悪さが原因と思われる刃傷沙汰を起こして脱藩、討手の市之丞に斬られた。,2
またパソコンやアダルトサイトについても知識がほとんどなく、ジュンイチの年相応な性欲に戸惑いつつも歩み寄ろうと四苦八苦している。,2
）と呼ばれ、これも後世になるにつれて拡張され立派なものになっていった。,2
その後、学資金を稼ぐためニューヨークに戻りデパートの本屋やカメラ売場で働きながら、数本の8mm映画を自主製作する。,2
日本最大の男子テニス選手である佐藤は、このウッド戦の勝利で世界的な評価を高めた。,2
』 - アニメ第2期第6話に登場。,2
行き（JR茨木・中央図書館前・中河原南口・上福井・山手台七丁目経由）,2
それにもかかわらず重量はJ-1に比べてわずか4.,2
、疎開できる者は疎開して、この周辺には沖縄出身者と朝鮮人が残された。,2
若くして出家することを望み、嘉興の空王寺の志澄律師について弟子となり、17歳で出家した。,2
しかし、17歳の時、サーフィン中に大怪我を負う事故を経験したのを契機に、それまでは趣味のひとつであった音楽や映像といった創作分野に傾倒していく。,2
：宗谷線（→宗谷本線→北見線→天北線）当駅 - 小頓別駅間延伸開業 。,2
ブランド統合を完了してから2015年8月までに32店舗の新規開業 この中には、旧「ジャスコ」の時に閉店し、建て替えを経て、旧店舗と同じ場所に「イオン」として再出店している店舗も含まれる と14店舗の閉鎖を行い、18店舗増加した。,2
劇中では秀吉を殺せと叫びながら死する。,2
ブラニガンは、さらにこの二人が書いた曲「セルフ・コントロール」と「ティ・アモ」でヒットを狙った。,2
谷山城に入城すると結集軸となり城主谷山隆信はじめ谷山御所に南朝方の各地の諸氏が参集し勢いを取り戻し、薩摩半島山南を勢力下に収めることとなった。,2
フォスターは2002年、「ワイェブの期間中、人間界と地底の間のポータルは解散した。,2
酵母を扱う技師から常務に出世した卯太郎は8人の子宝に恵まれた。,2
シリーズ横溝正史短編集II 金田一耕助 踊る!,2
なお、従来、幕府が架橋や渡船を禁じたのは、大井川を外堀として江戸を守る防衛上の理由が主だとされていたが、近年の研究では、昔の大井川は水量が多く流れも急だったため、架橋には向かなかった、川越による川会所や宿場町の莫大な利益を守るためであった、とも言われている ：引数 archiveurl と archivedate は両方を指定してください。,2
梵天同様、プロデュース対象に人間の規格を逸脱した特徴を付けたがる。,2
▲5八金右を先にしておくべきとしており、渡辺と藤井は検討してみると、△6五歩に▲6八飛は△2四歩であるが、△6五歩に▲5八金右△4五歩▲6五歩△同銀▲3三角成△同桂▲2四歩△同歩▲同飛△4六歩▲同銀△7六銀▲8八銀で、案外後手の攻めがうるさいとしている。,2
このうち西鹿児島発着の速達型列車を「スーパー有明」と称し、その後「スーパー」を冠する列車愛称のさきがけとなった。,2
草創期の東京法学校の運営に尽力した後、,2
事件後、「鍋山の湯」に通じる市道は通行止めとなっていたが、,2
ギザギザの歯という凶悪そうな顔だちながら明るい性格で、彼女がいるらしいリア充。,2
、原発反対運動が起きたのがきっかけであった。,2
、出場機会はほとんどなくなり翌年引退。,2
本科 （修業年限2年）・予科 （同9ヶ月）。,2
日野オートプラザに保存展示されている「（初代）わたすげ」,2
; 第17話 - 第26話オープニングテーマ「あつい気持ち」,2
コンピューターゲームにおいてみられる経験値に金銭的な価値を付与することを基礎的なアイデアとして始動した。,2
ゴーストと比べると言動は粗暴だが、同様に面倒見のいい性格。,2
タイトルが示す通り、月曜日から金曜日までの6:50 - 10:00に放送されていた3時間10分に及ぶ生放送番組で、朝の『,2
ワルハラ宮の侍女によって救助された後は、ヒルダから真相を教えられる。,2
住宅地の中にあり近隣には高校、大学もある。,2
それらは植物の手入れを始めた。,2
かつて番組初期に放送していた『ちょっと和久井の2時ですよ』末期の名物コーナーから引き継いだ「観さん神さんの姉妹占い」の司会も担当。,2
バンデス」放送20周年記念 あなたの暮らしと“ずっと”“これからも”いっしょBOOK 』（,2
、わざわざマウントを盛って、その頂上近くに葬る（古墳の頂上から1 - 3メートル下に葬る）ことを挙げ、日本の古墳は、中国や朝鮮の墳墓と関係があると言いながらも、その関係を決定的に求められない一番の要因が、遺骸を葬る場所の問題であるとしている 『古墳と地方王権』 新人物往来社 1992年 p.30より 。,2
最寄駅」という副駅名が設定されており、駅北側に東京都立大学のメインキャンパスである南大沢キャンパスが位置している。,2
とは、要求を起こすべくクリックされたページを目標ウェブサイトが識別できなくするため、要求から元のページ（サイト）の詳細を除去する手段である。,2
、便数削減や七尾線部分廃止、能登線廃止で用途がなくなったため駅舎側の1番線のみ1面1線で客扱いを行っている。,2
全国鉄道むすめ巡り」ではチコと共に千葉都市モノレールの公認キャラクターとしてゲスト参加した。,2
PEABO BRYSON」（シングル）を発売。,2
不定形の音楽グループであるIAO Coreなどで電子音楽を作曲していたM.,2
刑執行直前、ワニ植物を手にした茶魔に妨害されるが6人の死刑執行人たちは亀光に寄生して、茶魔に反撃を行う。,2
》でサントゥッツァ役を歌って歌手デビューを果たした。,2
、子ども達の生き物観察やため池の復活が契機となって「地域の資源は地域が守る」という考えが浸透してきて地域の人々による植栽、池の維持管理なども積極的に行われています。,2
多大な功績をあげるも、紛争における惨状を目の当たりにし、銃を捨てることとなる。,2
、4輪駆動力最適制御に由来する。,2
・現職議員32人に85万ドルの選挙資金を提供した ：引数 archiveurl と archivedate は両方を指定してください。,2
ヘッドパーツには「天使の里」のみでオーダーできるものがあり、「里限定」と呼ばれている。,2
ブラジルではホーリネス日本人教会を訪問する。,2
キャラクターの詳細は、それぞれの作品および各キャラクターを参照。,2
これまでに災害でおおむね1週間以上不通となった区間とその期間は以下の通り。,2
初号機と2号機V-132で4回ずつの大気圏内滑空飛行試験を行ったが、2002年4月29日に予算問題により開発計画が中止された。,2
その後の政治的動向を見ると、信西と惟方が主導的立場にあったと思われる。,2
、古代においては北部の一部が諏訪郡に含まれていたことが推察される。,2
．Nf3　d6　3．d4に対する黒の3手目は3.,2
併せてタッチパネル式の放送設定兼行先表示設定指令器が両運転台に搭載された。,2
いずれにしても社会を変える必要があるということで、これを承諾する。,2
、「関係改善の兆し」として注目を集めた 。,2
プレイ終了後には「対戦相手を評価する」のメニューが表示され、この画面から対戦相手のレビューを送信することが可能。,2
映像があるほうが視聴者は見る。,2
」の「K・ムーバー」シリーズがある。,2
鷲塚針原駅（わしづかはりばらえき）は、,2
ベイリーから、精霊に特殊な機械を埋め込んだ存在ではないかという示唆もなされたが、それはベイリー自身に否定されている。,2
不眠不休の働きぶりが部長としての高評価に至ったが、高校時代は授業中に居眠り常習犯だったことが同級生に暴露されている （繁体字中国語）,2
例：守山本店は「名古屋の別天地」であるが、湘南茅ヶ崎店は「茅ヶ崎別天地」となっている。,2
なお、AH-1Sはその後も段階的に改修が加えられており、いくつかのバリエーションがある。,2
ガリー・ピーターズから引き継ぎ、1998年1月から指揮を執った。,2
低音から高音までカバーできる広い声域を持っている。,2
地域により一文菓子屋とも呼ぶ。,2
のオリジナル曲である「迷題論理」が公開された。,2
このシリーズは通称シャトナーバースと呼ばれている。,2
秋に、グループ初となるミュージカル『ドゥ・ユ・ワナ・ダンス？,2
、2011年1月に7年ぶりとなる世界ランキング1位に返り咲いた。,2
」（ヤスベェ談）、放送時間を一時間ずらし、土曜深夜1:00〜2:00の放映となった。,2
）が担当するも、原作の絵柄とは全く異なるデザインであった ：引数 archiveurl と archivedate は両方を指定してください。,2
日本はひどい国だ』と書いたら、どんな気持ちか、産経抄にはそれくらいの想像力すらないのか。,2
この重いキューポラを支える交差する多弁型（多くのアーチが集合した形態）のアーチは全体を支配する同一の柱間の統制の中にあって、豊かな装飾性を生み出している。,2
そこへ桜姫が小塚原の女郎屋から戻ってくる。,2
この他にも脚本家として長編劇映画に関わっており、,2
男性キャラの中で唯一頭が良く、気の利いた台詞や励ますような台詞を平然と口にすることから、主人公から『ギャルゲーの主人公』と称されている。,2
、わたしを対自から即自存在に変じさせる。,2
Cheese」のユニットとして同番組に出演した。,2
」が役立つ可能性がある為、その法律知識が必要である。,2
Abu Dhabi Grand Prix 2019」 ：引数 archiveurl と archivedate は両方を指定してください。,2
』の他の一覧に上がっていない用語の一覧である。,2
ラジオドラマ『健康な日を3日』,2
ニコンFに装着した Medical Nikkor 200mm F5.,2
テービーヤポンフン（2001年8月11日 シアターD）,2
Rules of Survivalはプレイヤーが最後の1人（または最後の1チーム）の生き残るために戦うバトルロイヤルジャンルの標準的な形態である。,2
FSでは4回転を決めたもののジャンプで2回転倒。,2
、1980年アルゼンチングランプリから投入されたマシンは7戦に出走。,2
なお、この時、﨑山記者はBABYMETALのほかに、,2
このことによりインテリアの一部としての収納が求められた。,2
、ill、illとともに編集委員として参加した（まもなく、,2
"アメリカ兵はそこで剥がされた頭皮を発見したとされているが Charles W. Humphries, ""The Capture of York"", in Zaslow, p. 264 、伝説ではそれが実際には議長の鬘だったとなっている。",2
墳形は楕円形で、直径約13メートルを測るsfn。,2
』の増刊号である「ビッグコミックスピリッツ21」（,2
だが、同級生部員を唆して独断練習をした際にOBである田代にその姿勢を怒鳴りつけられ、2回戦の帝仁戦でスタミナ切れを起こし、諦めかけた時に大河からの激励を受け改心する（その後も、減らず口は相変わらず） 田代に喝を入れられた渋谷以外の新入生は基礎練習の重大さを痛感し、すぐさま野口らに謝罪して練習に加わった。,2
日本もハリウッド方式を取り入れ、既に第二次世界大戦前の1920年代後半辺りには俳優の映画会社専属制が確立されていた。,2
……etc おっぱいとお尻の素朴な疑問Q＆A。,2
ドラムには2つないし4つの穴が開いており、車輪に付け外しする際にこの穴に専用工具を引っ掛けて回す。,2
まで、世界で最も売れたアルバムとなった。,2
、戦果を挙げることはできず、またフェリペ2世はポルトガルに寛大な統治を敷いていたために民衆の蜂起も起こらず、,2
、年45mm程度、プレートが動いているとされる。,2
、それぞれ通学が可能になる場合がある ：引数 archiveurl と archivedate は両方を指定してください。,2
、吉がキスマークをつけたまま歌ったこともあった（,2
離陸時に左主脚のブレーキは加熱され、異常なほどの熱を帯びた。,2
ウラン235の核分裂によって中性子が発生し、その一部がウラン238に吸収されてウラン239ができる。,2
本来の人間の姿かつ表向きでは、周りの人間には「,2
、中山大学管理学院名誉委員長）,2
また、ディズニー製品のハイチ工場の責任者が「より安い生産拠点」として中国に拠点を移すと発表した際には、,2
、彼女はレニングラードバレエ学校（現在のワガノワ・バレエ・アカデミー）,2
"カール・“ボボ”・オルソン（Carl ""Bobo"" Olson、",2
、1890年に大学として設立された。,2
蓄電池の容量が40%以下になると自動的にガスタービン発電機が作動して40 kWの電力を供給して充電する仕様だった。,2
主人公と共に島を守っており、「不滅の炎（フォイアルディア）」を使う抜剣者になっている。,2
城下町新発田ふるさとまつり（じょうかまちしばたふるさとまつり）は、,2
障害物競走や玉入れをするなめこ達の様子を音楽に合わせて描く。,2
現行行政地名は弓町一丁目から弓町四丁目まで。,2
この学園では生徒たちが金・銀・銅とランク付けされており、灰音はこの中で一番格下の銅に位置している。,2
掛開発村（かけかいほつむら）は、,2
北魏は建国当初は各地に数十の鎮をもうけていたが、孝文帝の即位までに六鎮を除く大部分は州や郡に変えられていた。,2
激しい水煙の中でレースが開始されると、1コーナーでは3位ハイドフェルドと4位バトンが接触して順位を落とした。,2
」日本経済新聞2014年9月20日朝刊17面 。,2
、悪魔の足に蹄鉄を打ち付け、痛がる悪魔に扉に蹄鉄が留められているときは絶対中に入らないという約束を取り付けようやく蹄鉄を取り外してやったことから悪魔除けとされた説などがある。,2
、非情なプロの犯罪者が主人公の『悪党パーカー』シリーズを16作執筆した。,2
、神奈川県立武道館師範を歴任する傍ら、,2
とはいえ、インターネットなどで流布した珍しい名前には、多くの人が想像だけで言っているものも含まれており、すべてが実在するとは限らないmain。,2
加えて全自動変速装置を搭載し、,2
」のドイツ語訳を委嘱され、十余年の歳月を費やしこの難事業を完うする。,2
マリー＝ギエルミーヌ・ブノワ（Marie-Guillemine Benoist、結婚前の名:Marie-Guillemine de Laville-Leroux、,2
全ての猫はお気に入りのおもちゃがそれぞれにあるが、ピクシーボブはどれもボールが好きな様で、特にサッカーボールのような外観の小さいボールが好きである。,2
、株式会社キッツマテリアルを前身とし、,2
』または『強要される』ということである。,2
大半の生出演アーティストは直前まで生放送される『,2
日本初のレーザーディスクゲーム。,2
秘密の呪われた部屋を探そうとして校則を犯したことでホグワーツを退学処分となり、行方不明となっている。,2
特技は「壁へ追い詰めること」。,2
石川 成秀（いしかわ なりひで、,2
サキ女王と互いに一目惚れし、地球人滅亡の危機を迎えさせる。,2
、父のあとを継いでパルティア王となった。,2
基本的に、前週金曜日21:30に放送の『,2
新デザインへのリニューアルと同時に、サービス品質の更なる向上が図られる。,2
ルツェルン・フェスティバル（夏）“SOMMER”　はメインの音楽祭で、毎年特定の作曲家や演奏家、テーマにスポットをあてて企画される。,2
事件の特徴として、以下の点が挙げられている。,2
本種は丈夫であるため、飼育も比較的容易である。,2
）と統一戦を戦うが、9回TKOに敗れ王座陥落。,2
小沢は「全般の空気よりして、その当時も今日も当然と思う。,2
また、現地では英語読みのコインバトールやコバイ（Kovai）と呼称される場合もある。,2
四日市市 編（2001）：681ページ 。,2
）の第1コーナーで、リノーンリーズンが疾病を急に発生して転倒し、,2
これらのデータリンクや音声のやり取りをする無線機は、音声系とReCSの連接を担当するものは野外無線機、10NWは専用のデータ無線機が用いられたが、,2
艦長がジョン・W・リード少佐（アナポリス1938年組）に代わった。,2
主なマスコットはフレディであり、サブキャラクターのボニー・チカ・フォクシーで音楽隊を構成する。,2
日本エアシステム社長時に日本航空との合併を果たし、現在は日本航空名誉顧問。,2
代言人試験に合格し、法律事務に従事。,2
』では、かつて松任谷由実選集五七五をアレンジした「松任谷由実選集六八六」を番組内で放送していた。,2
・タイセイヨウサケ属に属する大部分の降海魚の総称。,2
; 歩野 陽一郎（てくの よういちろう）,2
、というものであった 渡辺大地「JR伊勢市駅前 再開発事業の大幅縮小検討 民間事業者、採算を考慮」2011年4月29日付、,2
また、上記以外の店舗では現在のところチャージができない。,2
ソーセージ祭り」では、第5弾までの写真が5upよしもとのロビーに展示された他、休憩時間に第6弾までのVTRが上映された。,2
北西側の日本海上には県唯一の離島、,2
新居浜太鼓祭り（にいはまたいこまつり）は、,2
国際映画祭（こくさいえいがさい）は、世界規模で開催される映画の祭典。,2
機動戦士ガンダム Twilight AXIS 公式Web.,2
、サポテカ、Mixteco、およびTriqui ：引数 archiveurl と archivedate は両方を指定してください。,2
・ロプデブルクとリーネック女伯アーデルハイトとの協定に初めて記録されている。,2
、岡部氏（岡氏）が城砦（狐井塁）として使用sfn 。,2
プレリュードシナリオは全て同じ一日の出来事であり、本編には収録されていない。,2
当初は1問目と3問目が書き問題で、2問目と4問目が早押し問題だったが、のちに1問目と3問目が早押し問題、2問目と4問目が書き問題に変更された。,2
、タイムマシンに乗ってでグリ子を丸め込む。,2
、信号回路に関する接地(機能用接地)の識別として、黄を望ましいとし、かつ端末および適当な場所に、信号回路に関する接地の接地線であることを表示する必要があるとし、以下のように定めている。,2
その間、3編の短編（「ロウ・ランド」「エントロピー」「アンダー・ザ・ローズ」）を文芸誌に掲載。,2
や『キングコング西野のおとぎ町レディオパート2』（いずれも事前収録番組）のスライド放送本来は19:00 - 21:00に放送する予定だったが、19:55 - 21:55に放送枠をスライド。,2
佐久市の旧臼田町地域は、日本のプルーン栽培発祥の地とされている。,2
若手のなかでは実力の高い美代音を高く買っており、スタジオマップに引き抜こうと画策する。,2
これについてイギリス軍首脳の間に政治的な意見の相違から激しい議論が持ち上がり、ケッペルと部下の戦隊指揮官の2件の軍法会議が開かれた。,2
初代コンチネンタルクーペの開発が始まった当時、リンカーンはそれまでのillのクーペ、セダン、リムジンの生産を中止し、,2
寂しがりな所もあり、清麿に注意されても中学校に行く事もあり、緑色のスポーツバッグの中に入って移動している バッグは手足の出し入れが可能。,2
春日部市は、わずか直径500ｍほどの範囲から、,2
歌手でもあり、これまでに6枚アルバムを出している。,2
やがて姉ダイアナも寄宿学校に入学することになり、チャールズもノーザンプトンシャーのメイドウェル・ホール校に通うようになった モートン(1992) p.65 。,2
そこで、長距離向けで燃料を多く必要とするA340にのみ胴体内に燃料タンクが増設されたほか、,2
全曲作詞・作曲をデーモン小暮閣下が手がけ、5人のアレンジャー（5レンジャー）が2曲ずつ編曲を手掛けている。,2
フレームには機体固定用の圧力ボルトが敷き詰められ、前後90度までスイングおよびジャッキアップが可能。,2
旧約聖書の残りの本の改訂は40人の翻訳家と8人の編集者によって1994年に始められた。,2
しかしこのブルドッグは、牛いじめのための品種ではなく、愛玩のための品種となったため、もはや運動能力は低くて、牛いじめをするどころか自立的に生きる能力さえ弱まった。,2
デスクトップ版はiOS 7のマップと似たようなものだったが、,2
マシュー・ショーン・キルガロン（Matthew Shaun Kilgallon 、,2
』2020年夏季号収録短編 Pop'n'Roll編集部 (2020年6月1日).,2
、自制心の強さのほうが将来のSATの点数にはるかに大きく影響すると結論した。,2
小狐丸の山車（2010年10月16日撮影）,2
肩にグレネードを装備しているが、強化人間補正なので移動したままグレネードを撃ってくる。,2
』のレコーディングにバッキング・ボーカルで参加している 。,2
何事にも優秀な完璧主義者だが、何かにつけ「,2
」テーマソング(2016年～)。,2
但し、運だけでなく他家を都合よく動かせるよう自分に有利な状況を築く強かさも併せ持つ。,2
、司馬穎はこれに連敗したので司馬衷を連れて洛陽へ逃走しようと考えた。,2
外装はエッチング加工を施し、布のような（ファブリック調）手触りを実現した。,2
ムコーダはフェオドラに好感を抱いていたが五人の子供と孫を持つことを知ると諦めた。,2
しわしわずも出演にて曲を披露。,2
空調装置を備えており、窓は固定窓となっている。,2
記憶をなくしながらも凪と邂逅するが、マンティコア・ファントムに乗っ取られてしまい、最後は再びブギーポップと邂逅、記憶を取り戻し、マンティコア・ファントムを道連れにする形で消滅する。,2
秋山の正体が盛岡のリゾート開発を手がけている外資系の乗っ取り屋の一員であることを突き止め、さらに秋山の前歴も調べ上げた。,2
その他、四万十川流域の「焼き鮎のそうめん」や「鮎ずし」、足摺では「もぶりずし」をつわぶきの葉をのせて押し寿司にした「つわずし」をはじめカマスやビダで作る「いおずし」、室戸の「こけらずし」など地域の食材を生かし工夫された料理が皿鉢を彩っていた。,2
"ネオコン（新保守主義者）を自称した初めての人物とされ Goldberg, Jonah (20 May 2003).",2
第20駆逐隊は吹雪型4隻（夕霧、朝霧、天霧、白雲）となり、,2
この他に、かつて盛んだった綿花栽培を復活させるべく「伯州綿」も2008年以降、,2
亀甲織は、岩手県雫石町で大正時代まで織られ、後に復元され、しずくいし麻の会が麻や苧麻の栽培から行っている ：引数 archiveurl と archivedate は両方を指定してください。,2
この場合において、個々の大衆は常に無力な存在である。,2
』の専属モデルになることが発表された 。,2
当初は商学部のみの単科大学だったが、,2
）4月：中央循環線廃止により仙台駅北口バス停廃止。,2
またこれとは別に宮城県が木曳堀や舟入堀を活用して松島湾と阿武隈川河口の間の運河整備を進めていった。,2
情報提供ネットワークシステムで照会することのできる情報の概要は、情報照会者（照会をかける機関）が処理する事務の種類ごとに、マイナンバー法の「別表第2」に列挙されている。,2
：JR東日本が、COVID-19の感染拡大の影響により、同年5月28日以降に運転本数を削減することを発表 。,2
戦後は昭和44年12月講談社復刻発行）,2
冗談を言うのが好きだが時々一言多く言ってしまう性格のせいで相手の機嫌を損ねることがある。,2
最初は「こんな恥ずかしい歌詞の曲歌えない」と半泣きだったが、実際のレコーディングでは「何?,2
なお、登場している妖怪は大石兵六夢物語などにおいて大石兵六を脅かすため白狐が化けた妖怪の模様。,2
チェロエンハカ族（Cheroenhaka）、またはノットウェイ族（Nottoway）、ノッタウェイ族（Nottaway）,2
このチューブの大きさは、水分子を通過させるだけでなく、より大きな病原体や汚染物質をブロックし、水を浄化することができる」。,2
）で製造される輸出用自動車を港に運ぶ専用列車「ニッサン号」,2
また、準決勝までのワンツーネクストで生中継される試合は、ワンツーネクストと同内容でスカチャンでも生放送する。,2
ドロミカンとは、マリンケ語で「酔っぱらいの言葉遊び」という意味である。,2
もっとも出口に近い部屋が広く、ここに体が収まり、それより奥は空洞である。,2
）、軍艦役並勤方を命ぜられる。,2
これに対して、距離空間の無限直積は、各因子における距離に上限があるとは限らないから、存在しないことがあり得る。,2
プレイヤーは、友達、ランダムなパートナー、またはボットとチームを組んで協力アクションを行える。,2
レイのライバルとなるキール星人のレイオニクス。,2
この時、任意の点Cにおいて、経路AB上を運動する点Xの速度ベクトルを引いていくと、その速度ベクトルが描く新たな曲線abがホドグラフである。,2
はじめは楽団が、後にレコードを伴奏に使っていたという。,2
」が特徴であり非常に人気を博した。,2
』から3年9ヶ月ぶりのリリース。,2
一般に中心視野ほど空間分解能が高い。,2
巌（殊衝）が住職をしていた寺がある。,2
アルセニオのことをアルセニョと呼ぶ天然な一面も（これらは彼女の一族全体の特徴）。,2
また神への奉職に携わる人を鈴木と呼称してきた。,2
ある p について、左括弧が先頭から p 個以上続く文字列では、y には左括弧しか含まれない。,2
紫音は徐々に動く車の中、ここではラジオの電波が届かないから戻ってほしいと頼み、町に引き返してもらう。,2
、自身はどの球団からも指名されず、一時は大きくモチベーションを落とした ものの、,2
初回盤ではカメラ目線のスーツ姿であるが、通常盤は横向きの私服姿となっている。,2
熱力学における熱の仕事当量とは、,2
湖底や海底が閃光を発する場面では、試行錯誤の末に、ガラスのドームに電球を仕込むことによってこれを実現させた。,2
上町、宮本町、仲町、愛宕、栄町、日の出、東町、本町一丁目、本町二丁目の一部、柏座一丁目の一部、二ツ宮の一部、大字上尾下 ：引数 archiveurl と archivedate は両方を指定してください。,2
各層を行き来できるワープゾーン等の仕掛けが存在する。,2
ペット飲料水「妖精のしずく」も販売していたが、2018年5月末に販売終了した。,2
後に駅長、貨物列車の運転士、構内掛が業務上過失傷害の疑いで逮捕。,2
、後にアンコール王朝にヒンドゥー教が流入すると、寺院全体がヒンドゥー化した。,2
、業界標準を容易にし、そして統計を公表する様々な業界団体が世界中にある。,2
・森ノ宮中央1 - 2丁目となる）,2
舞台挨拶などもこなし、このような経験をきっかけに俳優としての道を強く目指すようになる。,2
となった2013年4月以後は収録を中止し、,2
ジパング・ハレーエクスプレス（スタンダード車）,2
、豊後に残った子孫が連正であるという。,2
義朝は東国で再挙すべく京を脱して落ちるが落人狩りで、,2
戦闘時には、主に後衛を担当していたためか武名は伝わっていないが、『,2
むらかみの作風の一つである「高速ピストン」と呼ばれる場面について、,2
また他紙も知事談話を肯定的に派手に扱い、「岡山県警、逃亡者の訴えで警部補派遣、不正事実発見されず」などの記事を掲載していたsfn。,2
Great攻略情報、T-ボーンの過去を描いた特別短編を収録。,2
創設の際には夏奈が多方面に走り回ったことと、行人の担任である佐伯が口添えをしたためスムーズに行うことができた。,2
、「僕も大きくなったらホームズのような探偵になるのさ」と言った事がある アニメ「オラは名探偵だゾ」（1993年4月19日放送） 。,2
・クハ785形・サハ784形に設けられ、,2
Googleで【ジョーイ・バートン　クズ】と、検索してみなさい。,2
、1年目から三塁手兼二塁手でレギュラーを確保 。,2
団長の百目鬼魁がメインとなるモード。,2
